Title,Brand,Category,Size,Color,Condition,Price,Department
Solace London Women's Green Lorena Midi Dress,Solace London,Dresses,2,Green,New With Tags,$400.00,Women
Mackage Roma Lambskin Leather Shorts High Rise With Tags,Mackage,Shorts,0,Black,New With Tags,$275.00,Women
Rene Caovilla Made in Italy Heels,Rene Caovilla,Shoes,Red,Gold,Pre-Owned,$450.00,Women
Elizabeth And James Dresses Elizabeth And James Bardot Mini Dress Sz 0,Elizabeth and James,Dresses,0,Black,Pre-Owned,$180.00,Women
Fazzali WOMEN’s White Bodysuit with Black Trip ruffle collar Sz 4B,fazzali,Tops,Black,White,Pre-Owned,$50.00,Women
L'AGENCE High waisted Skinny Jeans Margot Size 28 Lime green color,L'AGENCE,Pants & Jumpsuits,28,Yellow,Pre-Owned,$85.00,Women
Alice + Olivia leather shorts,Alice + Olivia,Shorts,2,Black,Pre-Owned,$150.00,Women
Dress Forum: Long Sleeve Floral Print Long Cardigan Kimono,Dress Forum,Swim,Black,Brown,Pre-Owned,$75.00,Women
silhouette wrap up or caftan minidress,Warp Up,Swim,Yellow,Blue,Pre-Owned,$150.00,Women
Barbara Bucci Italian pointy suede boots Sz 38,Barbara Bucci,Shoes,38EU,Pink,Pre-Owned,$200.00,Women
Dior Graphic Sunglasses,Dior,Accessories,Pink,Brown,Pre-Owned,$225.00,Women
Alberta Ferreti Rib Knit Bodycon Dress,Philosophy di Alberta Ferretti,Dresses,2,Black,Pre-Owned,$90.00,Women
Nanushka Levi Vegan Leather Wrap Top In Mustard,Nanushka,Tops,Orange,Yellow,Pre-Owned,$200.00,Women
R13 black crossover skinny jeans Made in Italy,R13,Jeans,26,Black,Pre-Owned,$200.00,Women
Vintage CHANEL CC Logo Monogram Pink Cap Toe Slingback Sz 35.5,CHANEL,Shoes,Brown,Purple,Pre-Owned,$200.00,Women
Impérial fitted striped bodysuit Sz S,imperial,Tops,White,Blue,Pre-Owned,$199.00,Women
Moschino Cheap & Chic Navy Blue Mini Skirt Sz 42 IT,Moschino,Skirts,42EU,Blue,Pre-Owned,$70.00,Women
Asos Genuine Leather Purple Skater Dress new without tag Sz XS,ASOS,Dresses,Red,Purple,Pre-Owned,$120.00,Women
Twelfth Street by Cynthia Vincent Women's Size 4 Casual Dress,Twelfth Street by Cynthia Vincent,Dresses,Gold,Green,Pre-Owned,$30.00,Women
Vintage Bebe Top - Silk Blouse - Women's X-Small,bebe,Tops,Gold,Black,Pre-Owned,$50.00,Women
Castro silk champagne color blouse,Blouses,Women,Gold,castro,Pre-Owned,$60.00,long sleeve
2 piece set custom made multicolored size M,custom made,Other,Orange,Yellow,Pre-Owned,$100.00,Women
IVIVI Floral Mini Dress Made In Italy Size M,IVIVI,Dresses,Black,Green,Pre-Owned,$60.00,Women
MACKAGE COLLECTION,Mackage,Pants & Jumpsuits,0,Black,Pre-Owned,$225.00,Women
BCBGMAXAZRIA SLEEVELESS MINI DRESS JAQUELINE BLACK SATIN-STRIPED LACE SIZE 0,BCBGMaxAzria,Dresses,0,Black,Pre-Owned,$129.00,Women
Jay Bandage Crop Top - Royal Blue Size Small,JAY BANDAGE,Tops,S,Blue,Pre-Owned,$75.00,Women
French connection cocktail dress,French Connection,Dresses,2,Black,Pre-Owned,$120.00,Women
P.E NATION Legging  Mirage Grey,P.E Nation,Pants & Jumpsuits,White,Silver,Pre-Owned,$85.00,Women
P.E NATION; Flex It Colorblock Leggings,P.E Nation,Pants & Jumpsuits,Pink,Black,Pre-Owned,$65.00,Women
PHO FIRNZE TOP Island Resort Collection 2023 Sz S made in Italy,PHO FIRENZE,Pants & Jumpsuits,White,Gold,Pre-Owned,$250.00,Women
DoDo Bar Or Collections Ava Mini Dress in Black & Gold size 40 Metallic,Dodo Bar Or,Dresses,Gold,Black,Pre-Owned,$350.00,Women
Alexander McQueen colour-block skater-style dress,Alexander McQueen,Dresses,Black,Red,Pre-Owned,$550.00,Women
Free People Tegan Border Printed Mini Dress in Ivory Combo,Free People,Dresses,White,Cream,Pre-Owned,$85.00,Women
Theory Navy Blue Virgin Wool Blend Dress Pants Women SIZE 00,Theory,Pants & Jumpsuits,00,Blue,Pre-Owned,$75.00,Women
Embroider Dress Made In French size 1,miss june,Dresses,Pink,Cream,Pre-Owned,$50.00,Women
CMS Claudia Maria Shoes Bogota,CMS,Shoes,8,Black,Pre-Owned,$75.00,Women
Nicole Taylor beaded silk Paris blouse Sz M,Nicole Taylor,Tops,Black,Red,Pre-Owned,$75.00,Women
Sleeveless Sweater Made In Italy color Brown,,Sweaters,S,Brown,Pre-Owned,$75.00,Women
Kiki Riki Luxe Paradise Strapless White Jumpsuit SZ S,Kiki Riki,Pants & Jumpsuits,4,White,Pre-Owned,$40.00,Women
Custom Made Size S/P Champagne gorgeous Dress one of a kind,custom made,Dresses,Gold,Tan,Pre-Owned,$100.00,Women
Catherine Malandrino Yellow  Orange romper Size 2,Catherine Malandrino,Pants & Jumpsuits,2,Orange,Pre-Owned,$120.00,Women
M MISSONI Gold  Metallic-Knit shorts,M by Missoni,Shorts,2,Gold,Pre-Owned,$150.00,Women
FLORA FLORAL CHIFFON MINI RUFFLE DRESS,,Dresses,S,Pink,Pre-Owned,$70.00,Women
Michael Kors Dress Long Sleeve with Crew Neck,MICHAEL Michael Kors,Dresses,Yellow,Blue,Pre-Owned,$95.00,Women
Jill  Stuart :Cocktail Party Little Black Dress,Jill Stuart,Dresses,2,Black,Pre-Owned,$100.00,Women
LAUREN BY RALPH LAUREN Wool maxi dress Size Small,Lauren Ralph Lauren,Dresses,S,Black,Pre-Owned,$75.00,Women
JONES NEW YORK KNEE LENGTH CORSET STYLE BODICE DRESS BLACK/RED/SILVER,Jones New York,Dresses,Silver,Red,Pre-Owned,$119.00,Women
Zadig & Voltaire Yellow Mini Sweater Dress,Zadig & Voltaire,Dresses,36EU,Yellow,Pre-Owned,$120.00,Women
NT BY AMATI: Wide-Leg Cotton  Jumpsuit,NT by AMATI,Pants & Jumpsuits,4,White,Pre-Owned,$75.00,Women
Open Front Leopard Tassel Kimono,Ultra Pink,Dresses,Black,Brown,Pre-Owned,$30.00,Women
Memphis Top-tie Ruffle Mini Dress,Mable,Dresses,S,Tan,Pre-Owned,$40.00,Women
Moda International: Black leather jacket,Moda International,Jackets & Coats,XS,Black,Pre-Owned,$80.00,Women
Needle & Thread Cocktail Dress,Needle & Thread,Dresses,6UK,Black,Pre-Owned,$299.00,Women
Free People boho ethnic embroidered waist flowy dress Size S/P,Free People,Dresses,S,Cream,Pre-Owned,$50.00,Women
Rachel Zoe Dresses | Rachel Zoe Madelyn Dress in Ecru Sz 2,Rachel Zoe,Dresses,2,White,Pre-Owned,$50.00,Women
Diamond For Eden Black palm black mini dress,diamond for eden,Dresses,Silver,Black,Pre-Owned,$199.00,Women
Jestoms Metallic Draped Mini Dress with shoulder pads,jestoms,Dresses,4,Green,Pre-Owned,$100.00,Women
New Collection draped satin blouse,New Collection,Tops,M,Gold,Pre-Owned,$40.00,Women
Maxi Satin Dress Sz Small,,Dresses,S,Brown,Pre-Owned,$75.00,Women
ASOS Bodycon Black & White Stripes Maxi Dress Sz XS USA Sz 6 AU,ASOS Petite,Dresses,White,Black,Pre-Owned,$30.00,Women
Evening dress by ASOS Collection color Plum Sz S color Plum not on color list,ASOS,Dresses,S,Purple,Pre-Owned,$129.00,Women
Designer Silk pleated skirt Tag is removed Size XS,,Skirts,XS,Red,Pre-Owned,$50.00,Women
Trina Turk Cotton Linen Dress Sz 0,Trina Turk,Dresses,0,Red,Pre-Owned,$50.00,Women
Adidas Stella McCartney 10yr Anniversary Leggings Sz XS,Adidas by Stella McCartney,Pants & Jumpsuits,XS,Black,New With Tags,$120.00,Women
Tory Burch Fitted Bodycon Dress with Subtle Mock Neck detail Fabric Sz XS,Tory Burch,Dresses,XS,Black,Pre-Owned,$100.00,Women
Minnie Rose Frayed Tank Sz S,AnnieRose,Tops,S,Black,Pre-Owned,$50.00,Women
alo Yoga Ascendant Legging Black/Surf Sz S,ALO Yoga,Pants & Jumpsuits,Gold,Gray,Pre-Owned,$30.00,Women
Helmut Lang Asymmetric Gathering Detailed Mini Dress,Helmut Lang,Dresses,S,Black,Pre-Owned,$50.00,Women
50s inspired swing dress,,Dresses,S,Cream,Pre-Owned,$75.00,Women
Multistrand blue stone chips chunks beads necklace,Hand Crafted,Jewelry,Silver,Blue,Pre-Owned,$75.00,Women
Chloe & Isabel Women's Seed Bead Boho Multistrand Necklace Multicolor,Chloe + Isabel,Jewelry,Blue,Red,Pre-Owned,$70.00,Women
Invicta Women's 18k Gold Plated Luxana Pendant Necklace,Invicta,Jewelry,OS,Gold,Pre-Owned,$80.00,Women
New Three Floor Women's White Pale Pink Scallop Hem Ruffle Top,Three Floor,Tops,Pink,White,Pre-Owned,$100.00,Women
Red Valentino Ruffle Cotton Blouse,RED Valentino,Tops,40EU,White,Pre-Owned,$200.00,Women
Calvin Klein Collection Women’s Button Down Semi Sheer Blouse 100% Silk Sz S,Calvin Klein Collection,Tops,White,Black,Pre-Owned,$129.00,Women
DSQUARED2 One-Piece Swimsuit Made In Italy Size S,DSQUARED2,Swim,S,White,Pre-Owned,$300.00,Women
Turquoise Stone Black Kaftan,issue,Swim,Blue,Black,Pre-Owned,$50.00,Women
Luzabelle :Sleeveless Cardigan Tie Front Vest Sweater Multicolored,Luzabelle,Swim,Pink,Yellow,Pre-Owned,$50.00,Women
Victoria's Secret Sexy Crochet Racerback Swimsuit Cover-Up Dress White,Victoria's Secret,Swim,XS,White,Pre-Owned,$30.00,Women
Skaist Taylor Tippi Dress,Skaist Taylor,Dresses,XS,Orange,Pre-Owned,$198.00,Women
moto jacket,7 For All Mankind,Jackets & Coats,Cream,White,Pre-Owned,$180.00,Women
Marlen Oliver red cocktail dress,marlen oliver,Dresses,Tan,Red,Pre-Owned,$250.00,Women
Lambskin Leather Fitted Skinny,Halston Heritage,Pants & Jumpsuits,4,Tan,Pre-Owned,$110.00,Women
Lilou Printed Dress,Free People,Dresses,Tan,Blue,Pre-Owned,$90.00,Women
House Of Harlow 1960 Nellie Dress In Red Satin Dot Dress,House of Harlow 1960,Dresses,Tan,Red,Pre-Owned,$160.00,Women
AQ/AQ Women Tops,AQ/AQ,Tops,6UK,Pink,Pre-Owned,$49.00,Women
Black Pleated Sleeveless Dress,Hugo Boss,Dresses,2,Black,Pre-Owned,$225.00,Women
KNEE-LENGTH ACCORDION STYLE SKIRT,C.I. Castro,Skirts,S,Purple,Pre-Owned,$50.00,Women
Bcbgmaxazria Jackets & Coats | Bcbgmaxazria | Black & White,BCBGMaxAzria,Jackets & Coats,White,Black,Pre-Owned,$75.00,Women
Rag & Bone suede shorts camouflaged,rag & bone,Shorts,Green,Brown,Pre-Owned,$70.00,Women
Women Brown italien blazer,Dekker,Jackets & Coats,Blue,Brown,Pre-Owned,$200.00,Women
Zara Black Pleather Quilted Jacket,Zara,Jackets & Coats,S,Black,Pre-Owned,$55.00,Women
L'AGENCE Daisie Sleeveless Blouse,L'AGENCE,Tops,2,Cream,Pre-Owned,$75.00,Women
VALENTINO Virgin Wool Evening Jacket Made in Italy,Valentino,Jackets & Coats,S,Black,Pre-Owned,$125.00,Women
Vintage White linen one-button Tuxedo Blazer with black lapels,RARE,Jackets & Coats,Black,White,Pre-Owned,$100.00,Women
Adidas by Stella McCartney tights Size XS 3/4,Adidas by Stella McCartney,Pants & Jumpsuits,XS,Gray,New With Tags,$30.00,Women
Alexander McQueen-: Heel Double-Arched Suede Sandal,Heels,Women,Red,Alexander McQueen,Pre-Owned,$250.00,Red
TOD'S Women's Combat Lace Up Boots Size 37,Tod's,Shoes,37EU,Red,Pre-Owned,$125.00,Women
Xenia : Gold Sequin Mini Dress,Xenia,Dresses,6AU,Gold,Pre-Owned,$50.00,Women
Xenia: Rose Gold Sequin Mini  Dress,Xenia,Dresses,Gold,Pink,Pre-Owned,$40.00,Women
THEORY ; Len Tubular Stretch Jersey Tank Top In Citron,Theory,Tops,ONE SIZE,Yellow,Pre-Owned,$70.00,Women
Ladies White Bubble Sleeve Lolita Slim Tops Sz M,,Tops,M,White,Pre-Owned,$100.00,Women
Manteau crop top Rust crop top elastic waistline puffy sleeves satin effect Sz S,Monteau,Tops,Gold,Orange,Pre-Owned,$30.00,Women
Antonio Pernas Blouse Sz 38,Antonio Pernas,Tops,Gold,Tan,Pre-Owned,$80.00,Women
Jonathan Simkhai Bodysuit Neutrals Sleeveless Includes Designer Shoulder Pads,Jonathan Simkhai,Tops,Cream,Tan,Pre-Owned,$70.00,Women
Aqua Cashmere Cardigan Sweater Sz XS,aqua cashmere,Sweaters,Gray,Blue,Pre-Owned,$75.00,Women
Maison Jules This V-neck tank top Sz XXS,Maison Jules,Tops,XXS,White,Pre-Owned,$75.00,Women
Sweden pair set of design candle holder  aluminium brushed industrial,Vintage,Other,"heights: 14.56""""  10.23",Silver,Pre-Owned,$50.00,Home
MAJORELLE Donnie Mini Dress in French Blue Sz XS,MAJORELLE,Dresses,White,Blue,Pre-Owned,$110.00,Women
Used Max Mara vintage yellow sheer top,MaxMara,Tops,40EU,Yellow,Pre-Owned,$129.00,Women
Guess Marciano Black Lace Beaded Corset Top Sz Medium,Marciano,Tops,M,Black,Pre-Owned,$225.00,Women
Christian Louboutin So Kate 120 suede blue size 36.5,Christian Louboutin,Shoes,6.5,Blue,Pre-Owned,$555.00,Women
Ralph Lauren purple label top size S,Ralph Lauren Purple Label,Tops,S,Blue,Pre-Owned,$255.00,Women
Patbo Hibiscus Coverup Dress Celeste XS,PatBO,Dresses,Gold,Blue,Pre-Owned,$399.00,Women
Women heels shoes,Jimmy Choo,Shoes,7,Yellow,Pre-Owned,$250.00,Women
CHANEL Vintage Black Suede and Leather CC Pointed Toe Ankle Booties Sz 7,CHANEL,Shoes,37EU,Black,Pre-Owned,$475.00,Women
Versace  Vintage Fruit Print Button Down,Versace Collection,Tops,Green,White,Pre-Owned,$250.00,Women
Gucci Black Suede & Satin Heel,Gucci,Shoes,37EU,Black,Pre-Owned,$399.00,Women
Rare Vtg Gianni Versace Jeans Yellow Medusa Gold Button Bright Yellow,Versace,Jackets & Coats,Yellow,Gold,Pre-Owned,$180.00,Women
Valentino Vintage high neck black top Sz XS,Valentino,Tops,2,Black,Pre-Owned,$175.00,Women
ALICE + OLIVIA - Kyra Deep V Drapey LS Mini Dress Black Sz XS,,Dresses,XS,Black,Pre-Owned,$250.00,Women
Free People Floral Print V Neck Balloon Sleeve Mini Dress,Free People,Dresses,2,Blue,Pre-Owned,$71.00,Women
Calvin Klein Grey thighs Sise XS,Calvin Klein,Pants & Jumpsuits,XS,Gray,Pre-Owned,$10.00,Women
Kyodan Athletic Skort Grey Size S/P,Kyodan,Skirts,Pink,Gray,Pre-Owned,$12.00,Women
Under Armour heat gear fitted leggings Sz XS,Under Armour,Pants & Jumpsuits,XS,Black,Pre-Owned,$15.00,Women
Women's Project Rock Meridian Ankle Leggings,Under Armour,Pants & Jumpsuits,2,Green,Pre-Owned,$15.00,Women
Hot pink micro workout shorts size S,Body Glove,Shorts,S,Pink,Pre-Owned,$15.00,Women
DNA Couture Mesh Printed Henley Blouse,DNA couture,Tops,Silver,Green,Pre-Owned,$19.00,Women
MYSTICAL PRINTED PANTS IN RED/WHITE,Showpo.,Pants & Jumpsuits,White,Red,Pre-Owned,$20.00,Women
Zara Dotted Mesh Blouse with Lace Size Small,Zara,Tops,Cream,White,Pre-Owned,$20.00,Women
Nike Dri-Fit Running Pants Navy Blue Mesh Inserts,Nike,Pants & Jumpsuits,XS,Blue,Pre-Owned,$20.00,Women
Crochet Top in Beige SZ XS,,Swim,XS,Cream,Pre-Owned,$20.00,Women
Andree  Womens cover top,Coverups,Women,Black,Andree,Pre-Owned,$20.00,bohemian belle sleeve black white embroidered.
Andrée : embroider long dress openings across Snap buttons.,Andree,Dresses,M,Cream,Pre-Owned,$20.00,Women
Stripe Knitted Backless V Neck Bandage Halter Tops Y2K Blue,interdee,Tops,White,Blue,Pre-Owned,$20.00,Women
Trafaluc by Zara Women Black Casual Skirt Sz S,Zara,Skirts,Red,Black,Pre-Owned,$20.00,Women
Galita mini dress in front more like midi in the back,Galita,Dresses,White,Black,Pre-Owned,$20.00,Women
Vintage Necklace Gold-Tone Faux-Diamond Faux-Emerald Rhinestones,,Jewelry,Gold,Green,Pre-Owned,$25.00,Women
OVI short navy white cute seahorse print,Ovi,Shorts,White,Blue,Pre-Owned,$25.00,Women
Montreal London Top Activewear Sleeveless,Monreal London,Tops,Blue,White,Pre-Owned,$25.00,Women
Start Moving Waist-Length Racerback Tank Top,Start Moving,Tops,M,Orange,Pre-Owned,$25.00,Women
Castro 100% long dress Sz S,castro,Dresses,S,Brown,Pre-Owned,$25.00,Women
Express Cream Drape Sleeveless Top,Express,Tops,White,Cream,Pre-Owned,$25.00,Women
ASTR the label Ivory Floral Tank Top Size S Sleeveless Shirt,Astr,Tops,Gray,Cream,Pre-Owned,$29.00,Women
DEREK HEART 100% lining floral short,Derek Heart,Shorts,Yellow,White,Pre-Owned,$29.00,Women
Zara Trafaluc TRF White Side Stripe Over Size Shirt,Zara,Dresses,Red,White,Pre-Owned,$30.00,Women
Wear It To Heart Double Stripe Leggings Electric Blue - Neon Orange Sz M,Wear It To Heart,Pants & Jumpsuits,Orange,Blue,Pre-Owned,$30.00,Women
Bella Marie Chained Mule in Red,Bella Marie,Shoes,8,Red,Pre-Owned,$30.00,Women
Nine West Flat Sandals Size 7.5 Orange,Nine West,Shoes,7.5,Orange,Pre-Owned,$30.00,Women
Women's HeatGear Capri Pants cypress Green,Under Armour,Pants & Jumpsuits,S,Green,Pre-Owned,$30.00,Women
Wear It To Heart Women's Compression Camouflage Leggings MC9 Blue Small,with,Pants & Jumpsuits,Yellow,Blue,Pre-Owned,$40.00,Women
ultracor leggings Size 2,ultracor,Pants & Jumpsuits,Black,Blue,Pre-Owned,$50.00,Women
Clubbers Made in Italy Elastic waist High rise pant Satin effect,,Pants & Jumpsuits,White,Brown,Pre-Owned,$50.00,Women
Free People Dresses Free People Orange Long Sleeve Flower Dress Sz XS,Free People,Dresses,XS,Orange,Pre-Owned,$50.00,Women
Free People Women's With Love From India Lace Mini Boho Sz XS,Free People,Dresses,XS,Red,Pre-Owned,$50.00,Women
Free People Cherry Blossom Lace Floral Mini Dress Ivory White Size 2,Free People,Dresses,Pink,White,Pre-Owned,$75.00,Women
Brown Wool Blend Herringbone Blazer,Rebecca Taylor,Jackets & Coats,2,Brown,Pre-Owned,$75.00,Women
Maxi Dress Women's Long Sleeve Elegant Belt Conch Seashell Print Dress,,Dresses,Yellow,Blue,Pre-Owned,$79.00,Women
Victoria Secret Beaded Swimsuit Cover up,Coverups,Women,White,Victoria's Secret,Pre-Owned,$85.00,Size XS.
Top shop embroidered military green jacket,Topshop,Jackets & Coats,10UK,Green,Pre-Owned,$90.00,Women
Floral halter neck maxi skater dress with a belt in pink Size Small,,Dresses,4,Pink,Pre-Owned,$100.00,Women
Zara white leather animal print ankle heel boots Size 38,Zara,Shoes,38EU,White,Pre-Owned,$110.00,Women
Stuart weitzman gladiator sandals,,Shoes,7.5,Black,Pre-Owned,$125.00,Women
IRO Stacy Dress - Cobalt Blue French Size 34,IRO,Dresses,34EU,Blue,Pre-Owned,$125.00,Women
MaxMara Tan checkers lining woman Blazer,MaxMara,Jackets & Coats,Brown,Tan,Pre-Owned,$125.00,Women
Amanda Uprichard Silk Top,Amanda Uprichard,Tops,S,Purple,Pre-Owned,$140.00,Women
For Love & Lemons Blue Magnolia In Midnight Blossom Casual Maxi,For Love And Lemons,Dresses,Black,Blue,Pre-Owned,$140.00,Women
Turquoise Florence Circle Skirt Size 4,,Skirts,Red,Blue,Pre-Owned,$150.00,Women
MOUSSY WARREN SKINNY VINTAGE JEANS Sz 26,Moussy,Jeans,27,Blue,Pre-Owned,$150.00,Women
Emilio Pucci dress Sz S,Emilio Pucci,Dresses,S,Cream,Pre-Owned,$150.00,Women
Jovani Stunning Red Satin Evening Gown,Jovani,Dresses,2,Red,Pre-Owned,$275.00,Women
Nude Bustier Dress with Strappy Back Detail,KOR@KOR,Dresses,40EU,Tan,Pre-Owned,$200.00,Women
Giuseppe Zanotti,Flats & Loafers,Women,Gray,Giuseppe Zanotti,Pre-Owned,$200.00,Grey suede over knee boots
Gucci suede booties IT 37,Gucci,Shoes,7,Black,Pre-Owned,$225.00,Women
Chanel Mules square Toes show wear such scuffling corners,,Women,Black,CHANEL,Pre-Owned,$225.00,light scratches
Ellie Zeitoune Harris Emerald green gown,Elle Zeitoune,Dresses,2,Green,Pre-Owned,$250.00,Women
Narciso Rodriguez pony hair stiletto sandals Sz 6.5,,Shoes,6.5,Green,Pre-Owned,$250.00,Women
WOMEN SHORTS,Alice + Olivia,Shorts,Tan,Silver,Pre-Owned,$250.00,Women
Francesco Sacco stiletto high heels,francesco Sacco,Shoes,White,Purple,Pre-Owned,$275.00,Women
PRADA BROWN SUEDE RIDING BOOTS SIZE 37 MADE IN ITALY,Prada,Shoes,37EU,Brown,Pre-Owned,$399.00,Women
CHANEL Vintage Wash denim & leather heel high cut short boots EU 9 38 US,CHANEL,Shoes,Brown,Blue,Pre-Owned,$350.00,Women
Valentino Black cocktail Dress,Valentino,Dresses,S,Black,Pre-Owned,$400.00,Women
Missoni Knitted Lightweight knit Kaftan,Missoni,Dresses,Green,White,Pre-Owned,$425.00,Women
Lambskin Nude/Light Brown Moto Leather Jacket,Blank NYC,Jackets & Coats,Cream,Tan,Pre-Owned,$450.00,Women
Shop so kate louboutin silver,cristian Louboutin,Shoes,6.5,Silver,Pre-Owned,$500.00,Women
Giuseppe Zanotti Ankle boots Made In Italy,Giuseppe Zanotti,Shoes,Black,Green,Pre-Owned,$525.00,Women
Balenciaga Boots Blue worn only once,Balenciaga,Shoes,38EU,Blue,Pre-Owned,$550.00,Women
Moschino Made In Italy unique rare lamb leather suede Vest,Moschino,Tops,Tan,Brown,Pre-Owned,$599.00,Women
Giorgio Armani Super Soft goat Leather Evening Jacket Brown,Giorgio Armani,Jackets & Coats,40EU,Brown,Pre-Owned,$600.00,Women
Louis Vuitton Sunglasses Black Petit Soupcon Cat Eye,Louis Vuitton,Accessories,Gray,Black,Pre-Owned,$600.00,Women
"Burberry Brit """"Bethersden""""  Lamskin Suede Leather Pewter Blue Jacket Sz 4 US",Burberry,Jackets & Coats,4,Blue,Pre-Owned,$700.00,Women
Louis Vuitton Cashmere Jacket Green Ruffle Embellishment Cowl Neck,Louis Vuitton,Jackets & Coats,38EU,Green,Pre-Owned,$100.00,Women
Ralph Lauren Purple Label Collections Sleeveless Silk Orange Steeples Dress,Ralph Lauren Purple Label,Dresses,Blue,Orange,Pre-Owned,$1.00,Women
Women's Metallic Faux Leather Shorts,Balboa,Shorts,S,Silver,New With Tags,$100.00,Women
Ladies Blue Denim Jacket DETROIT 66 Dolce Inspired Sz S,,Jackets & Coats,4,Blue,Pre-Owned,$130.00,Women
Ralph Lauren Silk Floral Print Sleeveless Dress Sz 6,Ralph Lauren,Dresses,Orange,Yellow,Pre-Owned,$50.00,Women
Black Paper Crane Nude Sequenced Beaded Poly Shir Top Sz L,block,Tops,Tan,Brown,Pre-Owned,$50.00,Women
Ted Baker: CEMELIA - DK-Black Pants Skinny pant,Ted Baker London,Pants & Jumpsuits,0,Black,Pre-Owned,$150.00,Women
Moschino Teddy Bear organic jersey T-shirt Size Small Unisex,Moschino,Tops,S,Black,Pre-Owned,$100.00,Women
Adrianna Papell Tweed Dress with Sequins Sz 4,Adrianna Papell,Dresses,Blue,Green,Pre-Owned,$50.00,Women
Fashion Nova Navy Floral Maxi Dress with Open Back Sz S,Fashion Nova,Dresses,Yellow,Blue,Pre-Owned,$50.00,Women
Adidas Yellow short romper Sz 2,adidas,Pants & Jumpsuits,White,Yellow,Pre-Owned,$15.00,Women
Gucci Tom Ford S/S 2003 black ruffle plunging neckline backless silk mini dress,Gucci,Dresses,38EU,Black,Pre-Owned,$0.00,Women
Tippi Dress 2,Skaist Taylor,Dresses,2,Orange,Pre-Owned,$70.00,Women
Authentic VERSUS Vintage gorgeous Dress Made In Italy purchases In Italy Size XS,Versus Versace,Dresses,XS,Cream,Pre-Owned,$400.00,Women
Cropped Shaggy Knit Cardigan in Forest Green  Sz S,ciaucer duich,Sweaters,S,Green,Pre-Owned,$85.00,Women
Modern Cheongsam Dress Chinese Qipao Dress Sz Sm,Xiuzhen,Dresses,Gold,Black,Pre-Owned,$100.00,Women
Gianni Versace Women’s Vintage Jeans couture collection Green Velvet jacket Sz S,Versace,Jackets & Coats,Gold,Green,Pre-Owned,$399.00,Women
Lush Sheer Button Down women’s Shirt Dress Sz Sm,Lush,Dresses,Black,Cream,Pre-Owned,$30.00,Women
Diane Von Frustenberg Very detailed Blue cardigan,Diane Von Furstenberg,Sweaters,Gold,Blue,Pre-Owned,$55.00,Women
Versace Jeans couture Rare unisex Green Jacket Sz M,Versace Jeans Collection,Jackets & Coats,M,Green,Pre-Owned,$299.00,Women
Elie Tahari  Black Silk Cross-tie Knox bottom down Blouse Sz S,Elie Tahari,Tops,4,Black,Pre-Owned,$125.00,Women
Blumarine Black Eyelet Bow Peplum Puff Sleeve Blazer Top Sz XS,bluemarine,Tops,38EU,Black,Pre-Owned,$399.00,Women
BCBG MAX AZARIA Hold Me Tight Off-The-Shoulder Dress Sz XS,BCBGMaxAzria,Dresses,XS,Black,Pre-Owned,$100.00,Women
NIKE Running Shoes Hook & Loop Strap Closure Orange US 7.5,Nike,Shoes,White,Orange,Pre-Owned,$40.00,Women
Steven Dann Katherine Brown  leather Boots  Sz 38,Steven Dann,Shoes,38EU,Brown,Pre-Owned,$300.00,Women
Chloé 'Colby' Double Monk Strap Moto Ankle Boot,Chloe,Shoes,37EU,Black,Pre-Owned,$400.00,Women
Uterque Beige Suede Tassel Loafer Pumps Sz 37,Uterque,Shoes,37EU,Tan,Pre-Owned,$100.00,Women
Black Kate leather crossbody Women’s bag,,Men,Black,,Pre-Owned,$100.00,Studded details studs outline
Abercrombie & Fitch womens 3/4 sleeve navy ruffled cardigan super soft w/ logo S,Abercrombie & Fitch,Sweaters,XS,Blue,Pre-Owned,$12.00,Women
Chloe & Katie Smocked Waist Peplum White Top 100% Cotton very sexy on Sz M,Chloe & Katie,Tops,M,White,Pre-Owned,$25.00,Women
PALM BAY BREEZE MAXI COVER UP BY TOUCHE SZ XS,touche,Dresses,White,Green,Pre-Owned,$180.00,Women
Isabel Marant Womens Green Heather High rise linen pants Sz S,Isabel Marant,Pants & Jumpsuits,4,Green,Pre-Owned,$80.00,Women
Louis Vuitton Pink Leather Oh Really! Peep Toe Platform Pumps Size 36.5,Louis Vuitton,Shoes,6.5,Tan,Pre-Owned,$500.00,Women
COPY - Camilla :Tie V Neck Mini Dress in Flower of 400 Lives Sz SM,,Dresses,Gold,Blue,Pre-Owned,$400.00,Women
An’ge Gold  crocheted sweater Sz S,An’ge,Sweaters,4,Gold,Pre-Owned,$95.00,Women
Leather Gypsy Festival Bag - Boho Fanny Pack - Waist Bag Handmade Real leather,,Bags,Black,Brown,Pre-Owned,$35.00,Women
Zebra Print JERSEY KNIT BANDEAU BEACH ROMPER Sz XS,St. John's Bay,Pants & Jumpsuits,XS,Brown,Pre-Owned,$30.00,Women
Les Copains Women Super Élégant Tuxedo Blk Pant,Les Copains,Pants & Jumpsuits,XS,Black,Pre-Owned,$120.00,Women
Loft Petites Grey Legging Pants Sz 2,loft petites,Pants & Jumpsuits,2,Gray,Pre-Owned,$45.00,Women
Standard Issue Drawstring Women Jogger Sz S,Standard Issue,Pants & Jumpsuits,Black,Tan,Pre-Owned,$200.00,Women
St Johns Bay Silk Cover Up Sz S,St. John's Bay,Swim,Blue,Green,Pre-Owned,$50.00,Women
SAY WHAT || cream knit tank top size medium,Say What?,Tops,L,Cream,Pre-Owned,$10.00,Women
A/X By Armani Exchange Mixed Rib Top Sz S,A/X Armani Exchange,Tops,S,White,Pre-Owned,$95.00,Women
Abercrombie Sweater,abercrombie kids,Jackets & Coats,M,Pink,Pre-Owned,$15.00,Women
High waisted super fashionable logo-print jersey trousers bell bottoms Sz S,Source Unknown,Pants & Jumpsuits,Pink,Red,Pre-Owned,$99.00,Women
Reebok CrossFit Womens Size 7 Shoes Kevlar Black Red CR5FT Nano 05,Reebok,Shoes,Black,Red,Pre-Owned,$40.00,Women
Adidas Sneakers Extaball Hi Tops Sz 6,adidas Originals,Shoes,Blue,Yellow,Pre-Owned,$125.00,Women
Moschino Blk sweater vest is crafted of lustrous open mesh.  Sz XS,Moschino,Tops,XS,Black,Pre-Owned,$99.00,Women
P.E Nation women jogger Sz S,P.E Nation,Pants & Jumpsuits,Red,Cream,Pre-Owned,$95.00,Women
Pointy Toe  Made in Italy High Heels Size 8 Embroidered,,Shoes,Red,Black,Pre-Owned,$120.00,Women
Patricia Pratt Leopard Calf Hair Madame Butterfly Pump SZ 36,Patricia Pratt,Shoes,Brown,Tan,Pre-Owned,$75.00,Women
Tan Leather corset cinch back laces top size Medium,,Tops,M,Tan,Pre-Owned,$99.00,Women
Delixiao Ladies' Beautiful and Elegant Satin Dragon Top SZ 6,Delixiao,Tops,Black,Yellow,Pre-Owned,$45.00,Women
Castro Unisex Brown lamb leather Vest Sz 38,castro,Tops,Sz 38 equals to size S/M,Brown,Pre-Owned,$120.00,Women
Theory Floral Long Sleeve Button-up Shirt Dress Sz 0,Theory,Dresses,Blue,Green,Pre-Owned,$55.00,Women
Free People Santa Cruz Mini semi sheer dress size xs,,Dresses,XS,Blue,Pre-Owned,$55.00,Women
Custom Made Lace Appliques Short Dress Sz S,custum made,Dresses,Yellow,Gold,Pre-Owned,$400.00,Women
J Crew Cashmere Sweater Blue Green Color block Elbow Patches Women’s Sz S,J. Crew,Sweaters,Green,Blue,Pre-Owned,$25.00,Women
Men's Knitwear Harmont & Blaine Classic Plain Sweater,Harmont & Blaine,Sweaters,Gray,Black,Pre-Owned,$175.00,Men
Vintage Egypt Cleopatra Brass Plate Decorative Wall Hanging Display Decor,,Accents,Gold,Black,Pre-Owned,$45.00,Home
Vintage Silk Mini Skirt in Bright Red,,Skirts,2,Red,Pre-Owned,$75.00,Women
Castro Trend White cotton sleeveless with embroidery stitching Sz 42 IT,castro Trend,Dresses,S,White,Pre-Owned,$30.00,Women
Boho printed lace stitching Maxi Dress Sz S,,Dresses,4,Pink,Pre-Owned,$125.00,Women
Mackage Stretch Leather Leggings Pants in Blk,Mackage,Pants & Jumpsuits,25,Black,Pre-Owned,$295.00,Women
Mackage Stretch Leather Pants in Burgundy Sz 0,Mackage,Pants & Jumpsuits,25,Red,Pre-Owned,$295.00,Women
Vintage 90S Suede patchwork shorts custom made in Italy size small,custom made,Shorts,25,Brown,Pre-Owned,$200.00,Women
Vintage 90S Suede shorts Sz XS,Sack’,Shorts,XS,Brown,Pre-Owned,$99.00,Women
D&G Suede Vintage  Flared Pants  Sz XS USA,Dolce & Gabbana,Pants & Jumpsuits,Tan,Cream,Pre-Owned,$295.00,Women
MazeTribal Print Push Up crochet top Sz S,unbrended,Tops,S,Black,Pre-Owned,$35.00,Women
MACKAGE black skirt with genuine leather detail size 2,Mackage,Skirts,2,Black,New With Tags,$295.00,Women
Black Satin Marciano Pencil Skirt with Waterfall Back Kick Pleat,Marciano,Skirts,0,Black,Pre-Owned,$65.00,Women
Gucci Elegant White Maxi Dress with Belt,Gucci,Dresses,2,Black,Pre-Owned,$0.00,Women
Gucci Shimmering Gold Tank Top M,Gucci,Tops,6,Gold,Pre-Owned,$275.00,Women
Elegant Cream Strapless Dress,,Dresses,2,Cream,Pre-Owned,$200.00,Women
Women's Black Quilted Jacket with Faux Fur Collar ski jumper,,Jackets & Coats,2,Black,Pre-Owned,$800.00,Women
Elegant Black Lace Peplum Dress,,Dresses,Cream,Black,Pre-Owned,$125.00,Women
Elegant Gray Sleeveless Dress,,Dresses,2,Gray,Pre-Owned,$375.00,Women
Tamara Mellon Black V-Neck Jumpsuit,Tamara Mellon,Pants & Jumpsuits,2,Black,Pre-Owned,$450.00,Women
Drop Waist Shirt Dress - Black Size S,,Dresses,2,Black,Pre-Owned,$175.00,Women
Pleated Floral & Leopard Print Midi Skirt in Yellow,,Skirts,Brown,Yellow,Pre-Owned,$119.00,Women
Beige High-Waist Women’s Shorts with Blush Tank Set skort Sz M,Aurora,Shorts,M,Tan,Pre-Owned,$175.00,Women
White V-Neck Tank top with a skirt/shorts Sz M,Aurora,Shorts,M,White,Pre-Owned,$175.00,Women
High-Rise Floral Print Women’s Shorts in Blue and White,,Shorts,Blue,White,Pre-Owned,$99.00,Women
P.E Nation Black Activewear Top with White Logo Print,P.E Nation,Pants & Jumpsuits,Pink,Black,Pre-Owned,$45.00,Women
Lime Green Women's High-Rise Tailored Shorts,Aurora,Shorts,Orange,Green,Pre-Owned,$175.00,Women
